"12h AM/PM","12h AM/PM"
"12 Hours","12 Horas"
"1 Hour","1 Hora"
"24h","24h"
"24 Hours","24 Horas"
"2 Hours","2 Horas"
"2YTD","2YTD"
"6 Hours","6 Horas"
"Abandoned Carts","Carros Abandonados"
"About the calendar","Acerca del calendario"
"Access denied.","Acceso denegado."
"Access denied","Acceso denegado"
"Access Denied","Acceso Denegado"
"Account Created in:","Cuenta Creada en:"
"Account Created on:","Cuenta Creada el:"
"Account Created on (%s):","Cuenta Creada el (%s):"
"Account Information","Información de la Cuenta"
"Account status","Estado de la cuenta"
"Account Status","Estado de la Cuenta"
"Action","Acción"
"Actions","Acciones"
"Actions XML","Acciones XML"
"Active","Activo"
"Add","Añadir"
"Add after","Añadir después"
"Add Exception","Añadir Excepción"
"Add Field Mapping","Añadir Mapeo de Campo"
"Add Field with URL:","Añadir Campo con URL:"
"Additional Cache Management","Gestión de Caché Adicional"
"Add New","Añadir Nuevo"
"Add New Image","Añadir Nueva Imagen"
"Add New Profile","Añadir Nuevo Perfil"
"Add New Role","Añadir Nuevo Rol"
"Add New Template","Añadir Nueva Plantilla"
"Add New URL Rewrite","Añadir Nueva Rescritura de URL"
"Add New User","Añadir Nuevo Usuario"
"Add New Variable","Añadir Nueva Variable"
"Add Products","Añadir Productos"
"Address Type:","Tipo de Dirección:"
"Add URL Rewrite","Add URL Rewrite"
"Add URL Rewrite for a Category","Añadir Rescritura URL para una Categoría"
"Add URL Rewrite for a Product","Añadir Rescritura URL para un Producto"
"Admin","Admin"
"Advanced Admin Section","Seccion Admin Avanzada"
"Advanced Profiles","Perfiles Avanzados"
"Advanced Section","Sección Avanzada"
"After authorization application will have access to you account.","Después de la autorización tendrá acceso a su cuenta."
"All","Todos"
"All Allowed Countries","Todos los Países Permitidos"
"All Cache","Todo el Caché"
"All countries","Todos los paises"
"All fields","Todos los campos"
"All Files","Todos los Archivos"
"All possible rates were fetched, please click on ""Save"" to apply","Todas las tasas posibles fueron buscadas, clic en ""Save"" para aplicar"
"All rates were fetched, please click on ""Save"" to apply","Todas las tasas fueron buscadas, clic en ""Save"" para aplicar"
"All Reviews","Todos los Comentarios"
"All Store Views","Todas las Vistas de Tienda"
"All Tags","Todas las Etiquetas"
"All valid rates have been saved.","Todas las tasas válidas fueron guardadas correctamente."
"All Websites","Todos los Sitios Web"
"Always (during development)","Siempre (durante el desarrollo)"
"Amounts","Montos"
" and "," y "
"An error has occured while syncronizing media storages.","An error has occured while syncronizing media storages."
"An error occurred while clearing the configurable swatches image cache.","An error occurred while clearing the configurable swatches image cache."
"An error occurred while clearing the image cache.","An error occurred while clearing the image cache."
"An error occurred while clearing the JavaScript/CSS cache.","An error occurred while clearing the JavaScript/CSS cache."
"An error occurred while deleting email template data. Please review log and try again.","An error occurred while deleting email template data. Please review log and try again."
"An error occurred while deleting record(s).","An error occurred while deleting record(s)."
"An error occurred while deleting this role.","An error occurred while deleting this role."
"An error occurred while deleting this set.","An error occurred while deleting this set."
"An error occurred while deleting this template.","An error occurred while deleting this template."
"An error occurred while deleting URL Rewrite.","An error occurred while deleting URL Rewrite."
"An error occurred while finishing process. Please refresh the cache","An error occurred while finishing process. Please refresh the cache"
"An error occurred while rebuilding the catalog index.","An error occurred while rebuilding the catalog index."
"An error occurred while rebuilding the CatalogInventory Stock Status.","An error occurred while rebuilding the CatalogInventory Stock Status."
"An error occurred while rebuilding the flat catalog category.","An error occurred while rebuilding the flat catalog category."
"An error occurred while rebuilding the flat product catalog.","An error occurred while rebuilding the flat product catalog."
"An error occurred while rebuilding the search index.","An error occurred while rebuilding the search index."
"An error occurred while refreshing the catalog rewrites.","An error occurred while refreshing the catalog rewrites."
"An error occurred while refreshing the Catalog Rewrites.","An error occurred while refreshing the Catalog Rewrites."
"An error occurred while refreshing the layered navigation indices.","An error occurred while refreshing the layered navigation indices."
"An error occurred while refreshing the Layered Navigation indices.","An error occurred while refreshing the Layered Navigation indices."
"An error occurred while saving account.","An error occurred while saving account."
"An error occurred while saving review.","An error occurred while saving review."
"An error occurred while saving the customer.","An error occurred while saving the customer."
"An error occurred while saving this configuration:","An error occurred while saving this configuration:"
"An error occurred while saving this role.","An error occurred while saving this role."
"An error occurred while saving this template.","An error occurred while saving this template."
"An error occurred while saving URL Rewrite.","An error occurred while saving URL Rewrite."
"An error occurred while updating the selected review(s).","An error occurred while updating the selected review(s)."
"Any","Cualquiera"
"Any Attribute Set","Cualquier Conjunto de Atributos"
"Any data created since the backup was made will be lost including admin users, customers and orders.","Any data created since the backup was made will be lost including admin users, customers and orders."
"Any Group","Cualquier Grupo"
"Any Status","Cualquier Estado"
"Any Store","Cualquier Tienda"
"Any Type","Cualquier Tipo"
"Any Visibility","Cualquier Visibilidad"
"API Key","Clave API"
"API Key Confirmation","Clave Confirmación API"
"Archive file name:","Archive file name:"
"Area","Área"
"Are you sure that you want to delete this template?","¿Está seguro que quiere borrar esta plantilla?"
"Are you sure that you want to strip tags?","¿Está seguro de que quiere deshacer el etiquetado?"
"Are you sure you want to do this?","¿Está seguro que quiere hacer eso?"
"Are you sure you want to proceed?","¿Está seguro que quiere continuar?"
"ASCII","ASCII"
"As low as:","As low as:"
"Assigned","Asignado"
"Associated Tags","Etiquetas Asociadas"
"Attributes","Características"
"Attribute Set Name:","Nombre de Conjunto de Atributos:"
"A user with the same user name or email aleady exists.","A user with the same user name or email aleady exists."
"Authorization confirmed","Autorización confirmada"
"Authorize application","Authorize application"
"Authorize","Authorize"
"Authorized OAuth Tokens","Authorized OAuth Tokens"
"Automatic (equalize price ranges)","Automatic (equalize price ranges)"
"Automatic (equalize product counts)","Automatic (equalize product counts)"
"Average Order Amount","Promedio de Monto de Pedidos"
"Average Orders","Promedio de Pedidos"
"Back","Atrás"
"Back to Login","Ir al Ingreso"
"Backup","Respaldo"
"Backup Name","Nombre de Respaldo"
"Backup options","Opciones de respaldo"
"Backups","Respaldos"
"Base currency","Moneda Base"
"{{base_url}} is not recommended to use in a production environment to declare the Base Unsecure URL / Base Secure URL. It is highly recommended to change this value in your Magento <a href=""%s"">configuration</a>.","{{base_url}} is not recommended to use in a production environment to declare the Base Unsecure URL / Base Secure URL. It is highly recommended to change this value in your Magento <a href=""%s"">configuration</a>."
"b","b"
"Bcc","Bcc"
"Bestsellers","Más vendidos"
"Billing Address: ","Dirección de Facturación: "
"Billing Address","Dirección de Facturación"
"Billing Agreement","Acuerdo de Pago"
"Billing Agreements","Acuerdos de Pago"
"BINARY","BINARY"
"Block Information","Información de Bloque"
"Both IPN and PDT","Ambos IPN y PDT"
"Both (without and with tax)","Ambos (con y sin impuesto)"
"Browse Files...","Ver Archivos..."
"Bundle with dynamic pricing cannot include custom defined options. Options will not be saved.","Agrupación con precios dinámicos no puede incluirse en las opciones definidas a medida. Las opciones no se guardarán."
"Cache Control (beta)","Control del Caché (beta)"
"Cache Control","Control del Caché"
"Cache Management","Administración del Caché"
"Cache Type","Tipo de Caché"
"Cancel","Cancelar"
"Cannot add new comment.","No puede añadir nuevo comentario."
"Cannot add tracking number.","No puede añadir número de seguimiento."
"Cannot create an invoice without products.","Cannot create an invoice without products."
"Cannot create credit memo for the order.","Cannot create credit memo for the order."
"Cannot delete the design change.","Cannot delete the design change."
"Cannot delete tracking number.","No puede borrar número de seguimiento."
"Cannot do shipment for the order.","Sin registro de envío para el pedido."
"Cannot do shipment for the order separately from invoice.","Cannot do shipment for the order separately from invoice."
"Cannot initialize shipment for adding tracking number.","No se puede iniciar el envío para añadir el número de seguimiento."
"Cannot initialize shipment for delete tracking number.","No se puede iniciar el envío para borrar el número de seguimiento."
"Cannot load track with retrieving identifier.","No se encuentra seguimiento con ese identificador."
"Cannot retrieve tracking number detail.","Cannot retrieve tracking number detail."
"Cannot save shipment.","Cannot save shipment."
"Cannot save the credit memo.","Cannot save the credit memo."
"Cannot send shipment information.","Cannot send shipment information."
"Cannot update item quantity.","Cannot update item quantity."
"Cannot update the item\'s quantity.","Cannot update the item\'s quantity."
"Catalog","Catálogo"
"Catalog Price Rules","Reglas Catalogo de Precios"
"Catalog Rewrites","Rescritura de Catalogo"
"Categories","Categorias"
"Category:","Categoria:"
"Category","Categoria"
"Chart is disabled. If you want to enable chart, click <a href=""%s"">here</a>.","Chart is disabled. If you want to enable chart, click <a href=""%s"">here</a>."
"Checkbox","Caja de Selección"
"Child Transactions","Transacción Hijo"
"Choose an attribute","Elija un atributo"
"Choose Store View:","Elija un Vista de Tienda:"
"Chosen category does not associated with any website, so url rewrite is not possible.","Chosen category does not associated with any website, so url rewrite is not possible."
"Chosen product does not associated with any website, so url rewrite is not possible.","Chosen product does not associated with any website, so url rewrite is not possible."
"Clear","Limpiar"
"- Click on any of the time parts to increase it","- Haga clic en cualquier parte del tiempo para incrementarlo"
"close","cerrar"
"Close","Cerrar"
"CMS","CMS"
"Code","Código"
"Comment text field cannot be empty.","El contenido del campo comentario no puede estar en blanco."
"Complete","Completo"
"Config form fieldset clone model required to be able to clone fields","Config form fieldset clone model required to be able to clone fields"
"Configuration","Configuración"
"Confirmation Of Authorization","Confirmación de Autorización"
"Confirmed email:","Correo Electronico Confirmado:"
"Confirm New Password","Nueva Clave Confirmada"
"Confirm token authorization for admin","Confirme autorización token para administrador"
"Confirm token authorization Pop Up for admin","Confirm token authorization Pop Up for admin"
"Connect with the Magento Community","Conectar con Magento Community"
"Continue","Continua"
"Convert to Plain Text","Convertir a Texto Plano"
"Cookie (unsafe)","Cookie (no seguro)"
"Country:","País:"
"Country","País"
"Coupons","Cupones"
"Create","Crear"
"Created At","Creado El"
"Create DB Backup","Crear Respaldo de DB"
"Create New Attribute","Crear Nuevo Atributo"
"Create URL Rewrite:","Crear Rescritura de URL:"
"Credit Card %s","Tarjeta de Crédito %s"
"Credit Memo History","Historia de Nota de Credito"
"Credit memo #%s comment added","Nota de Credito #%s comentario agregado"
"Credit memo #%s created","Nota de credito #%s creada"
"Credit Memos","Notas de Credito"
"Credit memo\'s total must be positive.","Total de Nota de credito debe ser positivo."
"Credit Memo Totals","Totales de Nota de Credito"
"critical","critico"
"CRITICAL","CRITICO"
"CSV","CSV"
"CSV / Tab separated","CSV / Separado por Tabulación"
"Currency","Moneda"
"Currency Information","Información de Moneda"
"Currency Setup Section","Sección de Configuración de Moneda"
"Currency ""%s"" is used as %s in %s.","Moneda ""%s"" es usado como %s en %s."
"Current Admin Password","Clave Administrador Actual"
"Current Configuration Scope:","Alcanze de la Configuración Actual:"
"Current Month","Mes Actual"
"Custom","Personalizar"
"Customer","Cliente"
"Customer Group:","Grupo Cliente:"
"Customer Groups","Grupos de Cliente"
"Customer Name","Nombre de Cliente"
"Customer Reviews","Opiniones de Cliente"
"Customers by Number of Orders","Clientes por Número de Pedidos"
"Customers by Orders Total","Clientes por Total de Pedidos"
"Customers","Clientes"
"Customer Shopping Carts","Carros de Compras de Cliente"
"Customer Since:","Cliente Desde:"
"Customer Tax Classes","Clases de Impuestos al Cliente"
"Customer with the same email already exists.","Existe un cliente con el mismo correo."
"Custom Variable ""%s""","Custom Variable ""%s"""
"Custom Variables","Custom Variables"
"Dashboard","Panel"
"Database","Base de Dato"
"Dataflow - Advanced Profiles","Flujo de datos - Perfiles Avanzados"
"Dataflow - Profiles","Flujo de datos - Perfiles"
"Data Format","Formato de Datos"
"Data transfer:","Transferencia de datos:"
"Date Added","Fecha Añadida"
"Date","Fecha"
"Date selection:","Fecha de selección:"
"Date selector","Selector de fecha"
"Date & Time","Fecha y Hora"
"Date Updated","Fecha Actualizada"
"Day","Día"
"Decimal separator:","Separador decimal:"
"Default (Admin) Values","Valores Predeterminados (Admin)"
"Default Billing Address","Dirección de Facturación Predeterminada"
"Default Config","Configuración Predeterminada"
"Default display currency ""%s"" is not available in allowed currencies.","Default display currency ""%s"" is not available in allowed currencies."
"Default scope","Default scope"
"Default Template from Locale","Default Template from Locale"
"Default Values","Valores Predeterminados"
"[ deleted ]","[ eliminar ]"
"Delete","Eliminar"
" [deleted]"," [eliminado]"
"Delete File","Eliminar Archivo"
"Delete Image","Eliminar Imagen"
"Delete Profile","Eliminar Perfil"
"Delete Role","Eliminar Rol"
"Delete %s","Eliminar %s"
"Delete %s '%s'","Eliminar %s '%s'"
"Delete Store","Eliminar Tienda"
"Delete Store View","Eliminar Vista de Tienda"
"Delete Template","Eliminar Plantilla"
"Delete User","Eliminar Usuario"
"Delete Website","Eliminar Sitio Web"
"Description","Descripción"
"Design","Diseño"
"Design Section","Sección Diseño"
"Details","Detalles"
"Developer Section","Sección Desarrollador"
"DHTML Date/Time Selector","DHTML Selector Fecha/Hora"
"Direction:","Dirección:"
"Disabled","Desabilitado"
"Disable","Desactivar"
"Display default currency","Mostrar moneda predeterminada"
"Display %s first","Mostrar %s primero"
"Distributed under GNU LGPL. See %s for details.","Distributed under GNU LGPL. See %s for details."
"Download","Descarga"
"Downloads","Descargas"
"Do you really want to KILL parallel process and start new indexing process?","¿De verdad quieres matar proceso paralelo y crear un nuevo proceso de indexación?"
"Do you really want to proceed?","¿Realmente desea continuar?"
"Drag to move","Arrastre para mover"
"Drop-down","Desplegable"
"Edit Design Change","Edita Cambiar Diseño"
"Edit","Editar"
"Edit Email Template","Edita Plantilla de Correo Electronico"
"Edit Order","Editar Pedido"
"Edit Poll","Editar Encuesta"
"Edit Queue","Editar Cola"
"Edit Review","Editar Comentario"
"Edit Role","Editar Rol"
"Edit Store View","Editar Vista de Tienda"
"Edit System Template","Editar Plantilla de Sistema"
"Edit Template","Editar Plantilla"
"Edit URL Rewrite","Editar Rescritura URL"
"Edit User","Editar Usuario"
"Edit User '%s'","Editar Usuario '%s'"
"Edit Website","Editar Sitio Web"
"Email Address:","Dirección de Correo Electronico:"
"Email:","Correo Electronico:"
"Email","Correo Electronico"
"Email to a Friend","Correo Electronico a un Amigo"
"Enabled","Habilitado"
"Enable","Habilitar"
"Enclose Values In:","Ponga los Valores Entre:"
"Entity Attributes","Atributos de Entidad"
"Entity type:","Tipo de entidad:"
"Entity Type","Tipo de Entidad"
"Error","Error"
"example: ""sitemap/"" or ""/"" for base path (path must be writeable)","example: ""sitemap/"" or ""/"" for base path (path must be writeable)"
"example: sitemap.xml","ejemplo: sitemap.xml"
"Excel XML","Excel XML"
"Excl. Tax","Excento Impuestos"
"Exclude media folder from backup","Excluir carpeta de medios de respaldos"
"Export CSV","Exportar CSV"
"Export:","Exportar:"
"Export","Exportar"
"Export Filters","Exportar Filtros"
"Export to:","Exportar a:"
"failed","fallado"
"Failed","Fallado"
"Failed to add a product to cart by id ""%s"".","Falla al añadir producto al carro con el id ""%s""."
"Failed to cancel the billing agreement.","Falla al cancelar el acuerdo de facturación."
"Failed to clear the JavaScript/CSS cache.","Falla al limpiar el cache JavaScript/CSS."
"Failed to delete the billing agreement.","Falla al eliminar el acuerdo de facturación."
"Failed to update the profile.","Falla al actualizar el perfil."
"Field","Campo"
"Field Mapping","Mapeo de Campos"
"File","Archivo"
"File Information","Información del Archivo"
"File mode","Modo de archivo"
"File name:","Nombre de archivo:"
"File size should be more than 0 bytes","El tamaño del archivo debe ser mayor que 0 bytes"
"File System","Sistema de Archivo"
"Finished profile execution.","Terminado ejecución perfil."
"First Invoice Created Date","Primera Factura Creada con Fecha"
"First Name:","Nombre:"
"First Name","Nombre"
"First Name is required field.","Nombre es un dato requerido."
"Fixed","Corregido"
"Flush Catalog Images Cache","Flush Catalog Images Cache"
"Flush JavaScript/CSS Cache","Flush JavaScript/CSS Cache"
"Flush Swatch Images Cache","Flush Swatch Images Cache"
"For category","For category"
"Forgot Admin Password","Forgot Admin Password"
"Forgot your password?","Forgot your password?"
"Forgot your user name or password?","Forgot your user name or password?"
"For latest version visit: %s","For latest version visit: %s"
"For product","For product"
"(For Type ""Local Server"" need to use relative path to Magento install var/export or var/import, e.g. var/export, var/import, var/export/some/dir, var/import/some/dir)","(For Type ""Local Server"" need to use relative path to Magento install var/export or var/import, e.g. var/export, var/import, var/export/some/dir, var/import/some/dir)"
"(For US 2-letter state names)","(Para US las 2 letras del nombre del Estado)"
"from","de"
"From","De"
"FTP credentials","Credenciales FTP"
"FTP Host","FTP Host"
"FTP Host[:Port]","FTP Host[:Port]"
"FTP Login","FTP Login"
"FTP Password","FTP Password"
"Gb","Gb"
"General Information","Información General"
"General Section","Sección General"
"Get help for this page","Obtener ayuda para esta página"
"Get Image Base64","Obtener Imagen Base64"
"Give the verifier code to application administrator","Give the verifier code to application administrator"
"Global Attribute","Atributo Global"
"[GLOBAL]","[GLOBAL]"
"GLOBAL","GLOBAL"
"Global Record Search","Búsqueda de Registro Global"
"Global Search","Búsqueda Global"
"Google Base","Google Base"
"Google Sitemaps","Google Sitemaps"
"Go Today","Ir a Hoy"
"Go to messages inbox","Ir a mensajes de entrada"
"Go to notifications","Ir a notificaciones"
"Grand Total","Grand Total"
"Grid (default) / List","Grid (default) / List"
"Grid Only","Sólo Cuadrícula"
"Group:","Grupo:"
"Guest","Invitado"
"<h1 class=""page-heading"">404 Error</h1><p>Page not found.</p>","<h1 class=""page-heading"">404 Error</h1><p>Page not found.</p>"
"Helper attributes should not be used in custom layout updates.","Helper attributes should not be used in custom layout updates."
"Helper for options rendering doesn't implement required interface.","Helper for options rendering doesn't implement required interface."
"Help Us Keep Magento Healthy - Report All Bugs","Help Us Keep Magento Healthy - Report All Bugs"
"- Hold mouse button on any of the above buttons for faster selection.","- Hold mouse button on any of the above buttons for faster selection."
"Home","Inicio"
"HTTPS (SSL)","HTTPS (SSL)"
"HTTP (unsecure)","HTTP (unsecure)"
"Id","Id"
"ID","ID"
"ID Path","Ruta ID"
"* - If indexing is in progress, it will be killed and new indexing process will start.","* - If indexing is in progress, it will be killed and new indexing process will start."
"(If left empty will be auto-generated)","(Si deja en blanco será autogenerado)"
"If there is an account associated with %s you will receive an email with a link to reset your password.","If there is an account associated with %s you will receive an email with a link to reset your password."
"If this message persists, please contact the store owner.","If this message persists, please contact the store owner."
"If you do not specify an option value for a specific store view then the default (Admin) value will be used.","If you do not specify an option value for a specific store view then the default (Admin) value will be used."
"Images Cache","Cache de Imagenes"
"Images (.gif, .jpg, .png)","Imagenes (.gif, .jpg, .png)"
"Import and Export","Importar y Exportar"
"Import and Export Tax Rates","Importar y Exportar Tasas de Impuesto"
"Important: ","Importante: "
"Imported <strong>%s</strong> records","Importado <strong>%s</strong> registros"
"Import/Export Advanced","Importar/Exportar Advanzado"
"Import/Export","Importar/Exportar"
"Import/Export Profile","Importar/Exportar Perfil"
"Import","Importar"
"Import Service","Importar Servicio"
"Inactive","Inactivo"
"Incl. Tax","Incl. Impuesto"
"Incoming Message","Mensaje Entrante"
"In Database:","En Base de datos:"
"In File:","En Archivo:"
"In","En"
"Insert Variable...","Inserta Variable..."
"Interactive","Interactivo"
"Interface Locale: %s","Interfaz Local: %s"
"Invalidated","Invalidado"
"Invalid directory: %s","Directorio invalidado: %s"
"Invalid email address.","Correo electronico invalidado."
"Invalid email address ""%s"".","Correo electronico invalidado ""%s""."
"Invalid file: %s","Archivo invalidado: %s"
"Invalid Form Key. Please refresh the page.","Invalid Form Key. Please refresh the page."
"Invalid Import Service Specified","Invalid Import Service Specified"
"Invalid input data for %s => %s rate","Invalid input data for %s => %s rate"
"Invalid parent block for this block.","Invalid parent block for this block."
"Invalid parent block for this block","Invalid parent block for this block"
"Invalid password reset token.","Invalid password reset token."
"Invalid POST data (please check post_max_size and upload_max_filesize settings in your php.ini file).","Invalid POST data (please check post_max_size and upload_max_filesize settings in your php.ini file)."
"Invalid Secret Key. Please refresh the page.","Invalid Secret Key. Please refresh the page."
"Invalid sender name ""%s"". Please use only visible characters and spaces.","Invalid sender name ""%s"". Please use only visible characters and spaces."
"Invalid timezone","Zona horaria invalidada"
"Invalid User Name or Password.","Usuario o Clave Invalidado."
"Inventory Stock Status","Estado de Existencia en Inventario"
"Invoice canceling error.","Invoice canceling error."
"Invoice capturing error.","Invoice capturing error."
"Invoice History","Historia Factura"
"Invoice #%s comment added","Factura #%s comentario añadido"
"Invoice #%s created","Factura #%s creada"
"Invoices","Facturas"
"Invoice Totals","Totales de Factura"
"Invoice voiding error.","Invoice voiding error."
"IP Address","Dirección IP"
"IPN (Instant Payment Notification) Only","IPN (Instant Payment Notification) Only"
"Is Closed","Está Cerrado"
"Is Default","Está Predeterminado"
"Issue Number","Numero de Emisión"
"Items","Artículos"
"JavaScript/CSS Cache","JavaScript/CSS Cache"
"JavaScript/CSS","JavaScript/CSS"
"JavaScript seems to be disabled in your browser.","JavaScript seems to be disabled in your browser."
"Kb","Kb"
"Last 24 Hours","Últimas 24 Horas"
"Last 5 Orders","Últimos 5 Pedidos"
"Last 5 Search Terms","Últimos 5 Search Terms"
"Last 7 Days","Últimos 7 Días"
"Last Credit Memo Created Date","Última Nota de Crédito Creada a Fecha"
"Last Invoice Created Date","Última Factura Creada a Fecha"
"Last Logged In:","Último Registro En:"
"Last Logged In (%s):","Último Registro En (%s):"
"Last Name is required field.","Nombre es un campo requerido."
"Last Name:","Nombre:"
"Last Name","Nombre"
"Last updated: %s. To refresh last day\'s <a href=""%s"">statistics</a>, click <a href=""%s"">here</a>.","Last updated: %s. To refresh last day\'s <a href=""%s"">statistics</a>, click <a href=""%s"">here</a>."
"Latest Message:","Último Mensaje:"
"Layered Navigation Indices","Capas Índices de Navegación"
"Layered Navigation Indices were refreshed.","Capas Índices de navegación fueron actualizados."
"(Leave empty for first spreadsheet)","(Dejar en blanco para la primera hoja de cálculo)"
"Leave empty to use tax identifier","Dejar en blanco para utilizar identificador impuesto"
"Lifetime Sales","Ventas Historicas"
"Lifetime statistics have been updated.","Historia del estadisticas han sido actualizadas."
"Links","Enlaces"
"Links with associated products will retain only after saving current product.","Links with associated products will retain only after saving current product."
"List (default) / Grid","List (default) / Grid"
"List Only","List Only"
"Load default template","Load default template"
"Loading...","Loading..."
"Load Template","Load Template"
"Locale","Locale"
"Local/Remote Server","Local/Remote Server"
"Local Server","Local Server"
"Logged in as %s","Logged in as %s"
"Login","Login"
"Log In","Log In"
"Log in to Admin Panel","Log in to Admin Panel"
"Log into Magento Admin Page","Log into Magento Admin Page"
"Log in to use <strong>%s</strong>","Log in to use <strong>%s</strong>"
"Log Out","Log Out"
"Low Stock","Low Stock"
"Magento Admin","Magento Admin"
"Magento Commerce - Administrative Panel","Magento Commerce - Administrative Panel"
"Magento Connect","Magento Connect"
"Magento Connect Manager","Magento Connect Manager"
"Magento is a trademark of Magento Inc. Copyright &copy; %s Magento Inc.","Magento is a trademark of Magento Inc. Copyright &copy; %s Magento Inc."
"Magento Logo","Magento Logo"
"Magento root directory","Magento root directory"
"Magento&trade; is a trademark of Magento Inc.<br/>Copyright &copy; %s Magento Inc.","Magento&trade; is a trademark of Magento Inc.<br/>Copyright &copy; %s Magento Inc."
"Magento ver. %s","Magento ver. %s"
"major","major"
"MAJOR","MAJOR"
"Make sure that data encoding in the file is consistent and saved in one of supported encodings (UTF-8 or ANSI).","Make sure that data encoding in the file is consistent and saved in one of supported encodings (UTF-8 or ANSI)."
"Manage Attribute Sets","Manage Attribute Sets"
"Manage Attributes","Manage Attributes"
"Manage Categories","Manage Categories"
"Manage Content","Manage Content"
"Manage Currency Rates","Manage Currency Rates"
"Manage Customers","Manage Customers"
"Manage Options (values of your attribute)","Manage Options (values of your attribute)"
"Manage Ratings","Manage Ratings"
"Manage Stores","Manage Stores"
"Manage Tax Rules","Manage Tax Rules"
"Manage Tax Zones and Rates","Manage Tax Zones and Rates"
"Manage Titles (Size, Color, etc.)","Manage Titles (Size, Color, etc.)"
"Manual","Manual"
"Matched Expression","Matched Expression"
"Maximum sender name length is 255. Please correct your settings.","Maximum sender name length is 255. Please correct your settings."
"Mb","Mb"
"Media (.avi, .flv, .swf)","Media (.avi, .flv, .swf)"
"Media storages synchronization has completed!","Media storages synchronization has completed!"
"Messages Inbox","Messages Inbox"
"minor","minor"
"MINOR","MINOR"
"Month","Month"
"Most Viewed","Most Viewed"
"Most Viewed Products","Most Viewed Products"
"MS Excel XML","MS Excel XML"
"Multiple Select","Multiple Select"
"My Account","My Account"
"My Applications","My Applications"
"Name:","Name:"
"Name","Name"
"N/A","N/A"
"Never (production)","Never (production)"
"New Accounts","New Accounts"
"New API Key","New API Key"
"New Attribute","New Attribute"
"New Block","New Block"
"New Category","New Category"
"New Class","New Class"
"New Condition","New Condition"
"New Customer","New Customer"
"New Customers","New Customers"
"New Custom Variable","New Custom Variable"
"New Design Change","New Design Change"
"New Email Template","New Email Template"
"New Group","New Group"
"New Invoice","New Invoice"
"New Item Type","New Item Type"
"New Memo for #%s","New Memo for #%s"
"New Memo","New Memo"
"New ","New "
"New Page","New Page"
"New password field cannot be empty.","New password field cannot be empty."
"New Password","New Password"
"New Poll","New Poll"
"New Profile","New Profile"
"New Rate","New Rate"
"New Rating","New Rating"
"New Review","New Review"
"New Role","New Role"
"New Rule","New Rule"
"New Search","New Search"
"New Set","New Set"
"New Shipment","New Shipment"
"New Sitemap","New Sitemap"
"Newsletter","Newsletter"
"Newsletter Problems","Newsletter Problems"
"Newsletter Queue","Newsletter Queue"
"Newsletter Subscribers","Newsletter Subscribers"
"Newsletter Templates","Newsletter Templates"
"New Store View","New Store View"
"New System Template","New System Template"
"New Tag","New Tag"
"New Template","New Template"
"New User","New User"
"New Variable","New Variable"
"New Website","New Website"
"Next month (hold for menu)","Next month (hold for menu)"
"Next year (hold for menu)","Next year (hold for menu)"
"No change","No change"
"No customer id defined.","No customer id defined."
"No Data Found","No Data Found"
"No information available.","No information available."
"None","None"
"No","No"
"No (price without tax)","No (price without tax)"
"No profile loaded...","No profile loaded..."
"No records found for this period.","No records found for this period."
"No records found.","No records found."
"No report code specified.","No report code specified."
"No search keywords.","No search keywords."
"No search modules were registered","No search modules were registered"
"No Templates Found","No Templates Found"
"Note:","Note:"
"Notes","Notes"
"notice","notice"
"NOTICE","NOTICE"
"Notifications","Notifications"
"-- Not Selected --","-- Not Selected --"
"No wishlist item id defined.","No wishlist item id defined."
"Number of Orders","Number of Orders"
"Number of records:","Number of records:"
"Number of Uses","Number of Uses"
"Number of Views","Number of Views"
"OAuth authorization for admin","OAuth authorization for admin"
"OAuth authorization simple for admin","OAuth authorization simple for admin"
"OAuth Consumers","OAuth Consumers"
"OK","OK"
"Old rate:","Old rate:"
"Once you log into your PayPal Advanced account, navigate to the Service Settings - Hosted Checkout Pages - Set Up menu and set the options described below","Once you log into your PayPal Advanced account, navigate to the Service Settings - Hosted Checkout Pages - Set Up menu and set the options described below"
"Once you log into your PayPal Payflow Link account, navigate to the Service Settings - Hosted Checkout Pages - Set Up menu and set the options described below","Once you log into your PayPal Payflow Link account, navigate to the Service Settings - Hosted Checkout Pages - Set Up menu and set the options described below"
"One or more media files failed to be synchronized during the media storages syncronization process. Refer to the log file for details.","One or more media files failed to be synchronized during the media storages syncronization process. Refer to the log file for details."
"One or more of the Cache Types are invalidated:","One or more of the Cache Types are invalidated:"
"Online Customers","Online Customers"
"Only attributes with scope ""Global"", input type ""Dropdown"" and Use To Create Configurable Product ""Yes"" are available.","Only attributes with scope ""Global"", input type ""Dropdown"" and Use To Create Configurable Product ""Yes"" are available."
"Only mapped fields","Only mapped fields"
"Only Once (version upgrade)","Only Once (version upgrade)"
"Optional","Optional"
"Options is required","Options is required"
"Options","Options"
"- or click and drag for faster selection.","- or click and drag for faster selection."
"Order Created Date","Order Created Date"
"Order ID","Order ID"
"Order","Order"
"Order #%s","Order #%s"
"Orders","Orders"
"Order #%s (%s)","Order #%s (%s)"
"Order Totals","Order Totals"
"Order Updated Date","Order Updated Date"
"Order Updated Date report is real-time, does not need statistics refreshing.","Order Updated Date report is real-time, does not need statistics refreshing."
"Original Magento attribute names in first row:","Original Magento attribute names in first row:"
"- or Shift-click to decrease it","- or Shift-click to decrease it"
"Out of stock","Out of stock"
"Package Extensions","Package Extensions"
"Pages","Pages"
"Parent Product Thumbnail","Parent Product Thumbnail"
"Parent Transaction ID","Parent Transaction ID"
"Passive mode","Passive mode"
"Password confirmation must be same as password.","Password confirmation must be same as password."
"Password Confirmation","Password Confirmation"
"Password must be at least of %d characters.","Password must be at least of %d characters."
"Password must include both numeric and alphabetic characters.","Password must include both numeric and alphabetic characters."
"Password:","Password:"
"Password","Password"
"Path:","Path:"
"Payment method instance is not available.","Payment method instance is not available."
"Payment method is not available.","Payment method is not available."
"Payment method must be specified.","Payment method must be specified."
"PDT (Payment Data Transfer) Only","PDT (Payment Data Transfer) Only"
"Pending Reviews","Pending Reviews"
"Pending Tags","Pending Tags"
"Percent","Percent"
"Performed At","Performed At"
"Period","Period"
"Per Item","Per Item"
"Permanent (301)","Permanent (301)"
"Permissions","Permissions"
"Per Order","Per Order"
"Personal Information","Personal Information"
"Phone:","Phone:"
"Please, add some answers to this poll first.","Please, add some answers to this poll first."
"Please confirm site switching. All data that hasn\'t been saved will be lost.","Please confirm site switching. All data that hasn\'t been saved will be lost."
"Please enter 6 or more characters.","Please enter 6 or more characters."
"Please enter another credit card number to complete your purchase.","Please enter another credit card number to complete your purchase."
"Please enter a number greater than 0 in this field.","Please enter a number greater than 0 in this field."
"Please enter a valid $ amount. For example $100.00.","Please enter a valid $ amount. For example $100.00."
"Please enter a valid credit card number.","Please enter a valid credit card number."
"Please enter a valid date.","Please enter a valid date."
"Please enter a valid email address. For example johndoe@domain.com.","Please enter a valid email address. For example johndoe@domain.com."
"Please enter a valid email.","Please enter a valid email."
"Please enter a valid number in this field.","Please enter a valid number in this field."
"Please enter a valid phone number. For example (123) 456-7890 or 123-456-7890.","Please enter a valid phone number. For example (123) 456-7890 or 123-456-7890."
"Please enter a valid social security number. For example 123-45-6789.","Please enter a valid social security number. For example 123-45-6789."
"Please enter a valid URL. For example http://www.example.com or www.example.com","Please enter a valid URL. For example http://www.example.com or www.example.com"
"Please enter a valid URL. http:// is required","Please enter a valid URL. http:// is required"
"Please enter a valid value, ex: 10,20,30","Please enter a valid value, ex: 10,20,30"
"Please enter a valid value from list","Please enter a valid value from list"
"Please enter a valid zip code. For example 90602 or 90602-1234.","Please enter a valid zip code. For example 90602 or 90602-1234."
"Please enter a valid zip code.","Please enter a valid zip code."
"Please enter password","Please enter password"
"Please enter password to confirm rollback.","Please enter password to confirm rollback."
"Please enter valid password.","Please enter valid password."
"Please make sure that all global admin search modules are installed and activated.","Please make sure that all global admin search modules are installed and activated."
"Please make sure that your changes were saved before running the profile.","Please make sure that your changes were saved before running the profile."
"Please make sure your passwords match.","Please make sure your passwords match."
"-- Please Select a Category --","-- Please Select a Category --"
"Please select a customer.","Please select a customer."
"Please select an option.","Please select an option."
"Please select a store.","Please select a store."
"-- Please Select Billing Agreement--","-- Please Select Billing Agreement--"
"Please select catalog searches.","Please select catalog searches."
"Please select customer(s).","Please select customer(s)."
"Please select message(s).","Please select message(s)."
"Please select one of the above options.","Please select one of the above options."
"Please select one of the options.","Please select one of the options."
"-- Please select --","-- Please select --"
"-- Please Select --","-- Please Select --"
"--Please Select--","--Please Select--"
"Please Select","Please Select"
"Please select review(s).","Please select review(s)."
"Please select State/Province.","Please select State/Province."
"Please select tag(s).","Please select tag(s)."
"Please, select ""Visible in Stores"" for this poll first.","Please, select ""Visible in Stores"" for this poll first."
"Please specify backup creation options","Please specify backup creation options"
"Please specify the admin custom URL.","Please specify the admin custom URL."
"Please try to logout and sign in again.","Please try to logout and sign in again."
"Please type the letters from the image:","Please type the letters from the image:"
"Please use in this field only ""a-z,0-9,_"".","Please use in this field only ""a-z,0-9,_""."
"Please use letters only (a-z) in this field.","Please use letters only (a-z) in this field."
"Please use numbers only in this field. Please avoid spaces or other characters such as dots or commas.","Please use numbers only in this field. Please avoid spaces or other characters such as dots or commas."
"Please use only letters (a-z or A-Z), numbers (0-9) or spaces in this field.","Please use only letters (a-z or A-Z), numbers (0-9) or spaces in this field."
"Please use only letters (a-z) or numbers (0-9) only in this field. No spaces or other characters are allowed.","Please use only letters (a-z) or numbers (0-9) only in this field. No spaces or other characters are allowed."
"Please use only letters (a-z) or numbers (0-9) or spaces and # only in this field.","Please use only letters (a-z) or numbers (0-9) or spaces and # only in this field."
"Please use this date format: dd/mm/yyyy. For example 17/03/2006 for the 17th of March, 2006.","Please use this date format: dd/mm/yyyy. For example 17/03/2006 for the 17th of March, 2006."
"Please wait, loading...","Please wait, loading..."
"Please wait...","Please wait..."
"Please wait while the indexes are being refreshed.","Please wait while the indexes are being refreshed."
"Poll Manager","Poll Manager"
"Polls","Polls"
"Popular","Popular"
"Position of Watermark for %s","Position of Watermark for %s"
"Position","Position"
"Pregenerated configurable swatches image files.","Pregenerated configurable swatches image files."
"Pregenerated product images files.","Pregenerated product images files."
"Preview","Preview"
"Preview Template","Preview Template"
"Prev. month (hold for menu)","Prev. month (hold for menu)"
"Prev. year (hold for menu)","Prev. year (hold for menu)"
"Price alert subscription was saved.","Price alert subscription was saved."
"Price:","Price:"
"Price","Price"
"Processed <strong>%s%% %s/%d</strong> records","Processed <strong>%s%% %s/%d</strong> records"
"Product is not loaded.","Product is not loaded."
"Product Name","Product Name"
"Product:","Product:"
"Product","Product"
"Product Reviews","Product Reviews"
"Products Bestsellers Report","Products Bestsellers Report"
"Products in Carts","Products in Carts"
"Products Most Viewed Report","Products Most Viewed Report"
"Products Ordered","Products Ordered"
"Products","Products"
"(Products will be added/updated to this store if 'store' column is blank or missing in the import file.)","(Los productos deberán ser añadidos/actualizados a esta tienda si la columna 'tienda' está en blanco o falta en el archivo de importación.)"
"Product Tax Classes","Product Tax Classes"
"Product Thumbnail Itself","Product Thumbnail Itself"
"Profile Action","Profile Action"
"Profile Actions XML","Profile Actions XML"
"Profile Direction","Profile Direction"
"Profile History","Profile History"
"Profile Information","Profile Information"
"Profile Name","Profile Name"
"Profile Payments","Profile Payments"
"Profile Schedule","Profile Schedule"
"Profiles","Profiles"
"Profile Wizard","Profile Wizard"
"Promo","Promo"
"Promotions","Promotions"
"Purchased Item","Purchased Item"
"Put store on the maintenance mode while backup creation","Put store on the maintenance mode while backup creation"
"Put store on the maintenance mode while rollback processing","Put store on the maintenance mode while rollback processing"
"Quantity","Quantity"
"Queued... Cancel","Queued... Cancel"
"Queue Refresh","Queue Refresh"
"Radio Buttons","Radio Buttons"
"Rates","Rates"
"Read details","Read details"
"Rebuild Catalog Index","Rebuild Catalog Index"
"Rebuild Flat Catalog Category","Rebuild Flat Catalog Category"
"Rebuild Flat Catalog Product","Rebuild Flat Catalog Product"
"Rebuild","Rebuild"
"Recent Orders","Recent Orders"
"Recent statistics have been updated.","Recent statistics have been updated."
"Recurring Profile View","Recurring Profile View"
"Recursive Dir","Recursive Dir"
"Redirect","Redirect"
"Reference ID","Reference ID"
"Reference","Reference"
"Refresh Now*","Refresh Now*"
"Refresh","Refresh"
"Refresh Statistics","Refresh Statistics"
"Region/State","Region/State"
"Regular Price:","Regular Price:"
"Rejection Of Authorization","Rejection Of Authorization"
"Reject","Reject"
"Reject token authorization for admin","Reject token authorization for admin"
"Reject token authorization Pop Up for admin","Reject token authorization Pop Up for admin"
"Release","Release"
"Release Stability","Release Stability"
"Release Version","Release Version"
"Reload captcha","Reload captcha"
"Remote FTP","Remote FTP"
"Remove","Remove"
"Reports","Reports"
"Request Path","Request Path"
"* Required Fields","* Required Fields"
"Required","Required"
"Reset a Password","Reset a Password"
"Reset Filter","Reset Filter"
"Reset Password","Reset Password"
"Reset","Reset"
"Resize","Resize"
"Resource Access","Resource Access"
"Resources","Resources"
"REST Roles","REST Roles"
"Results","Results"
"Retrieve Password","Retrieve Password"
"Return Html Version","Return Html Version"
"Revenue","Revenue"
"Reviews and Ratings","Reviews and Ratings"
"Reviews","Reviews"
"Rewrite Rules","Rewrite Rules"
"Role ID","Role ID"
"Role Information","Role Information"
"Role Info","Role Info"
"Role Name","Role Name"
"Role Resources","Role Resources"
"Roles Resources","Roles Resources"
"Roles","Roles"
"Role Users","Role Users"
"Root Category","Root Category"
"Rotate CCW","Rotate CCW"
"Rotate CW","Rotate CW"
"Running... Kill","Running... Kill"
"Run Profile in Popup","Run Profile in Popup"
"Run Profile Inside This Window","Run Profile Inside This Window"
"Run Profile","Run Profile"
"Run","Run"
"Sales Report","Sales Report"
"Sales","Sales"
"Samples","Samples"
"Save Account","Save Account"
"Save and Continue Edit","Save and Continue Edit"
"Save Cache Settings","Save Cache Settings"
"Save Config","Save Config"
"Save Currency Rates","Save Currency Rates"
"Save & Generate","Save & Generate"
"Save Profile","Save Profile"
"Save Role","Save Role"
"Save","Save"
"Save Template","Save Template"
"Save User","Save User"
"%s cache type(s) disabled.","%s cache type(s) disabled."
"%s cache type(s) enabled.","%s cache type(s) enabled."
"%s cache type(s) refreshed.","%s cache type(s) refreshed."
"%s (Default Template from Locale)","%s (Plantilla Predeterminada para Localización)"
"Search Index","Search Index"
"Search","Search"
"Search Term","Search Term"
"Search Terms","Search Terms"
"Select All","Select All"
"Select Category","Select Category"
"Select date","Select date"
"Select Date","Select Date"
"Selected allowed currency ""%s"" is not available in installed currencies.","Selected allowed currency ""%s"" is not available in installed currencies."
"Selected base currency is not available in installed currencies.","Selected base currency is not available in installed currencies."
"Selected default display currency is not available in allowed currencies.","Selected default display currency is not available in allowed currencies."
"Selected default display currency is not available in installed currencies.","Selected default display currency is not available in installed currencies."
"Select Range","Select Range"
"Select","Select"
"Self-assigned roles cannot be deleted.","Self-assigned roles cannot be deleted."
"Sender","Sender"
"Separate Email","Separate Email"
"(Shift-)Click or drag to change value","(Shit+)Clic o arrastrar para cambiar el valor"
"Shipment Comments","Shipment Comments"
"Shipment History","Shipment History"
"Shipment #%s comment added","Shipment #%s comment added"
"Shipment #%s created","Shipment #%s created"
"Shipments","Shipments"
"Shipping address selection is not applicable","Shipping address selection is not applicable"
"Shipping Address: ","Shipping Address: "
"Shipping Address","Shipping Address"
"Shipping method must be specified.","Shipping method must be specified."
"Shipping method selection is not applicable","Shipping method selection is not applicable"
"Shipping Origin","Shipping Origin"
"Shipping Price","Shipping Price"
"Shipping","Shipping"
"Shopping Cart from %s","Shopping Cart from %s"
"Shopping Cart Price Rules","Shopping Cart Price Rules"
"Shopping Cart","Shopping Cart"
"Show By","Show By"
"Show Report For:","Show Report For:"
"Show Reviews","Show Reviews"
"Sitemap Information","Sitemap Information"
"Size for %s","Size for %s"
"Skip Category Selection","Skip Category Selection"
"SKU:","SKU:"
"SKU","SKU"
"Some items in this order have different invoice and shipment types. You can create shipment only after the invoice is created.","Some items in this order have different invoice and shipment types. You can create shipment only after the invoice is created."
"Some of the ordered items do not exist in the catalog anymore and will be removed if you try to edit the order.","Some of the ordered items do not exist in the catalog anymore and will be removed if you try to edit the order."
"Sorry, this feature is coming soon...","Sorry, this feature is coming soon..."
"Special Price:","Special Price:"
"Specific Countries","Specific Countries"
"Specified profile does not exist.","Specified profile does not exist."
"Specified","Specified"
"Spreadsheet Name:","Spreadsheet Name:"
"SSL Error: Invalid or self-signed certificate","SSL Error: Invalid or self-signed certificate"
"Start Date","Start Date"
"Starting profile execution, please wait...","Starting profile execution, please wait..."
"(Starting with)","(Iniciando con)"
"State/Province:","State/Province:"
"Static Blocks","Static Blocks"
"Status:","Status:"
"Status","Status"
"Stock notification was saved.","Stock notification was saved."
"Stock Quantity:","Stock Quantity:"
"Store Email Addresses Section","Store Email Addresses Section"
"store(%s) scope","store(%s) scope"
"Stores","Stores"
"Store:","Store:"
"Store","Store"
"Store View","Store View"
"[STORE VIEW]","[STORE VIEW]"
"<strong>Attention</strong>: Captcha is case sensitive.","<strong>Attention</strong>: Captcha is case sensitive."
"<strong>%s</strong> requests access to your account","<strong>%s</strong> requests access to your account"
"Subject","Subject"
"Submit","Submit"
"Subpackage cannot be conflicting.","Subpackage cannot be conflicting."
"Subtotal","Subtotal"
"successful","successful"
"Switch/Solo/Maestro Only","Switch/Solo/Maestro Only"
"Symbol","Symbol"
"Synchronization is required.","Synchronization is required."
"Synchronization of media storages has been successfully completed.","Synchronization of media storages has been successfully completed."
"Synchronize","Synchronize"
"Synchronizing %s to %s","Synchronizing %s to %s"
"Synchronizing...","Synchronizing..."
"System busy","System busy"
"System Section","System Section"
"System","System"
"Tags","Tags"
"Target Path","Target Path"
"Tax","Tax"
"Tb","Tb"
"Template Content","Template Content"
"Template Information","Template Information"
"Template Name","Template Name"
"Template Styles","Template Styles"
"Template Subject","Template Subject"
"Template","Template"
"Template Type","Template Type"
"Temporary (302)","Temporary (302)"
"Terms and Conditions","Terms and Conditions"
"Text","Text"
"(\\t for tab)","(\\t for tab)"
"The account has been saved.","The account has been saved."
"The archive can be uncompressed with <a href=""%s"">%s</a> on Windows systems","The archive can be uncompressed with <a href=""%s"">%s</a> on Windows systems"
"The attribute set has been removed.","The attribute set has been removed."
"The backup's creation process will take time.","The backup's creation process will take time."
"The billing agreement has been canceled.","The billing agreement has been canceled."
"The billing agreement has been deleted.","The billing agreement has been deleted."
"The cache storage has been flushed.","The cache storage has been flushed."
"The carrier needs to be specified.","The carrier needs to be specified."
"The catalog index has been rebuilt.","The catalog index has been rebuilt."
"The CatalogInventory Stock Status has been rebuilt.","The CatalogInventory Stock Status has been rebuilt."
"The catalog rewrites have been refreshed.","The catalog rewrites have been refreshed."
"The Catalog Rewrites were refreshed.","The Catalog Rewrites were refreshed."
"The Comment Text field cannot be empty.","The Comment Text field cannot be empty."
"The configurable swatches image cache was cleaned.","The configurable swatches image cache was cleaned."
"The configuration has been saved.","The configuration has been saved."
"The credit memo has been canceled.","The credit memo has been canceled."
"The credit memo has been created.","The credit memo has been created."
"The credit memo has been voided.","The credit memo has been voided."
" The customer does not exist in the system anymore."," El cliente ya no existe en el sistema."
"The customer has been deleted.","The customer has been deleted."
"The customer has been saved.","The customer has been saved."
"The custom variable has been deleted.","The custom variable has been deleted."
"The custom variable has been saved.","The custom variable has been saved."
"The design change has been deleted.","The design change has been deleted."
"The design change has been saved.","The design change has been saved."
"The email address is empty.","The email address is empty."
"The email template has been deleted.","The email template has been deleted."
"The email template has been saved.","The email template has been saved."
"The flat catalog category has been rebuilt.","The flat catalog category has been rebuilt."
"The Flat Catalog Product was rebuilt","The Flat Catalog Product was rebuilt"
"The group node name must be specified with field node name.","The group node name must be specified with field node name."
"The image cache was cleaned.","The image cache was cleaned."
"The image cache was cleared.","The image cache was cleared."
"The invoice and shipment have been created.","The invoice and shipment have been created."
"The invoice and the shipment  have been created. The shipping label cannot be created at the moment.","The invoice and the shipment  have been created. The shipping label cannot be created at the moment."
"The invoice has been canceled.","The invoice has been canceled."
"The invoice has been captured.","The invoice has been captured."
"The invoice has been created.","The invoice has been created."
"The invoice has been voided.","The invoice has been voided."
"The invoice no longer exists.","The invoice no longer exists."
"The item %s (SKU %s) does not exist in the catalog anymore.","The item %s (SKU %s) does not exist in the catalog anymore."
"The JavaScript/CSS cache has been cleaned.","The JavaScript/CSS cache has been cleaned."
"The JavaScript/CSS cache has been cleared.","The JavaScript/CSS cache has been cleared."
"The Layered Navigation indexing has been queued.","The Layered Navigation indexing has been queued."
"The Layered Navigation indexing queue has been canceled.","The Layered Navigation indexing queue has been canceled."
"The Layered Navigation indices were refreshed.","The Layered Navigation indices were refreshed."
"The Layered Navigation process has been queued to be killed.","The Layered Navigation process has been queued to be killed."
"The Magento cache storage has been flushed.","The Magento cache storage has been flushed."
"Themes JavaScript and CSS files combined to one file.","Themes JavaScript and CSS files combined to one file."
"The order does not allow creating an invoice.","The order does not allow creating an invoice."
"The order no longer exists.","The order no longer exists."
"The poll has been deleted.","The poll has been deleted."
"The poll has been saved.","The poll has been saved."
"The profile has been deleted.","The profile has been deleted."
"The profile has been saved.","The profile has been saved."
"The profile has been updated.","The profile has been updated."
"The profile has no changes.","The profile has no changes."
"The profile you are trying to save no longer exists","The profile you are trying to save no longer exists"
"The rating has been deleted.","The rating has been deleted."
"The rating has been saved.","The rating has been saved."
"There is an error in one of the option rows.","There is an error in one of the option rows."
"The role has been deleted.","The role has been deleted."
"The role has been saved.","The role has been saved."
"The role has been successfully saved.","The role has been successfully saved."
"The search index has been rebuilt.","The search index has been rebuilt."
"The shipment has been created.","The shipment has been created."
"The shipment has been sent.","The shipment has been sent."
"The shipping label has been created.","The shipping label has been created."
"The tag has been deleted.","The tag has been deleted."
"The tag has been saved.","The tag has been saved."
"The transaction details have been updated.","The transaction details have been updated."
"The URL Rewrite has been deleted.","The URL Rewrite has been deleted."
"The URL Rewrite has been saved.","The URL Rewrite has been saved."
"The user has been deleted.","The user has been deleted."
"The user has been saved.","The user has been saved."
"This account is inactive.","This account is inactive."
"This account is","This account is"
"This Account is","This Account is"
"This action cannot be undone.","This action cannot be undone."
"This attribute set does not have attributes which we can use for configurable product","This attribute set does not have attributes which we can use for configurable product"
"This attribute shares the same value in all the stores","This attribute shares the same value in all the stores"
"This Email template no longer exists.","This Email template no longer exists."
"This is a demo store. Any orders placed through this store will not be honored or fulfilled.","This is a demo store. Any orders placed through this store will not be honored or fulfilled."
"This is a required field.","This is a required field."
"This product is currently disabled.","This product is currently disabled."
"This report depends on timezone configuration. Once timezone is changed, the lifetime statistics need to be refreshed.","This report depends on timezone configuration. Once timezone is changed, the lifetime statistics need to be refreshed."
"This Role no longer exists.","This Role no longer exists."
"This Role no longer exists","This Role no longer exists"
"This section is not allowed.","This section is not allowed."
"This user no longer exists.","This user no longer exists."
"Timeout limit for response from synchronize process was reached.","Timeout limit for response from synchronize process was reached."
"Time selection:","Time selection:"
"Time:","Time:"
"Time","Time"
"To cancel pending authorizations and release amounts that have already been processed during this payment, click Cancel.","To cancel pending authorizations and release amounts that have already been processed during this payment, click Cancel."
"Toggle Editor","Toggle Editor"
"Tools","Tools"
"Top 5 Search Terms","Top 5 Search Terms"
"Total Invoiced","Total Invoiced"
"Total of %d record(s) have been deleted.","Total of %d record(s) have been deleted."
"Total of %d record(s) have been updated.","Total of %d record(s) have been updated."
"Total of %d record(s) were canceled.","Total of %d record(s) were canceled."
"Total of %d record(s) were deleted.","Total of %d record(s) were deleted."
"Total of %d record(s) were deleted","Total of %d record(s) were deleted"
"Total of %d record(s) were updated.","Total of %d record(s) were updated."
"Total of %d record(s) were updated","Total of %d record(s) were updated"
"Total Order Amount","Total Order Amount"
"Total Refunded","Total Refunded"
"Total","Total"
"to","to"
"To","To"
"To use PayPal Payflow Link, you must configure your PayPal Payflow Link account on the PayPal website.","To use PayPal Payflow Link, you must configure your PayPal Payflow Link account on the PayPal website."
"To use PayPal Payments Advanced, you must configure  your PayPal Payments Advanced account on the PayPal website.","To use PayPal Payments Advanced, you must configure  your PayPal Payments Advanced account on the PayPal website."
"Tracking number cannot be empty.","Tracking number cannot be empty."
"Tracking number %s for %s assigned","Tracking number %s for %s assigned"
"Track Order","Track Order"
"Track this shipment","Track this shipment"
"Transactional Emails","Transactional Emails"
"Transaction Data","Transaction Data"
"Transaction Details","Transaction Details"
"Transaction ID","Transaction ID"
"Transactions","Transactions"
"Transaction Type","Transaction Type"
"Type:","Type:"
"Type","Type"
"Unable to cancel the credit memo.","Unable to cancel the credit memo."
"Unable to find a Email Template to delete.","Unable to find a Email Template to delete."
"Unable to find a poll to delete.","Unable to find a poll to delete."
"Unable to find a tag to delete.","Unable to find a tag to delete."
"Unable to find a user to delete.","Unable to find a user to delete."
"Unable to initialize import model","Unable to initialize import model"
"Unable to refresh lifetime statistics.","Unable to refresh lifetime statistics."
"Unable to refresh recent statistics.","Unable to refresh recent statistics."
"Unable to save the cron expression.","Unable to save the cron expression."
"Unable to save the invoice.","Unable to save the invoice."
"Unable to send the invoice email.","Unable to send the invoice email."
"Unable to send the shipment email.","Unable to send the shipment email."
"Unable to update transaction details.","Unable to update transaction details."
"Unable to void the credit memo.","Unable to void the credit memo."
"Unknown","Unknown"
"Unlimited","Unlimited"
"Updated At","Updated At"
"Update","Update"
"Uploaded file is larger than %.2f kilobytes allowed by server","Uploaded file is larger than %.2f kilobytes allowed by server"
"Upload Files","Upload Files"
"Upload File","Upload File"
"Upload HTTP Error","Upload HTTP Error"
"Upload import file","Upload import file"
"Upload I/O Error","Upload I/O Error"
"Upload Security Error","Upload Security Error"
"URL Rewrite Information","URL Rewrite Information"
"URL Rewrite Management","URL Rewrite Management"
"URL Rewrite","URL Rewrite"
"Use All Available Attributes","Use All Available Attributes"
"Use Config Settings","Use Config Settings"
"Used as Default For","Used as Default For"
"Used Currently For","Used Currently For"
"Use Default","Use Default"
"Use Default Value","Use Default Value"
"Use Default Variable Values","Use Default Variable Values"
"Use FTP Connection","Use FTP Connection"
"User Email","User Email"
"User ID","User ID"
"User Information","User Information"
"User Info","User Info"
"User Name is required field.","User Name is required field."
"User name","User name"
"User Name:","User Name:"
"User Name","User Name"
"User Password","User Password"
"User Roles Information","User Roles Information"
"User Roles","User Roles"
"User Role","User Role"
"Users","Users"
"User Type Resources","User Type Resources"
"- Use the %s buttons to select month","- Use the %s buttons to select month"
"- Use the %s, %s buttons to select year","- Use the %s, %s buttons to select year"
"Use Website","Use Website"
"Validation Results","Validation Results"
"Value Delimiter:","Value Delimiter:"
"Value","Value"
"Variable Code","Variable Code"
"Variable HTML Value","Variable HTML Value"
"Variable ID","Variable ID"
"Variable Name","Variable Name"
"Variable Plain Value","Variable Plain Value"
"Variable","Variable"
"VAT Number is Invalid","VAT Number is Invalid"
"VAT Number is Valid","VAT Number is Valid"
"Verifier code: %s","Verifier code: %s"
"View Actions XML","View Actions XML"
"View Full Size","View Full Size"
"View Memo for #%s","View Memo for #%s"
"View Memo","View Memo"
"View Shipment","View Shipment"
"View Statistics For:","View Statistics For:"
"Visibility:","Visibility:"
"Warning! Empty value can cause problems with CSV format.","Warning! Empty value can cause problems with CSV format."
"Warning: Please do not close the window during importing/exporting data","Warning: Please do not close the window during importing/exporting data"
"Warning!\r\nThis action will remove this user from already assigned role\r\nAre you sure?","Warning!\r\nThis action will remove this user from already assigned role\r\nAre you sure?"
"Warning!\r\nThis action will remove those users from already assigned roles\r\nAre you sure?","Warning!\r\nThis action will remove those users from already assigned roles\r\nAre you sure?"
"Warning","Warning"
"Watermark File for %s","Watermark File for %s"
"We appreciate our merchants\' feedback, please <a href=""#"" onclick=""surveyAction(\'yes\'); return false;"">take our survey</a> to provide insight on the features you would like included in Magento. <a href=""#"" onclick=""surveyAction(\'no\'); return false;"">Remove this notification</a>","We appreciate our merchants\' feedback, please <a href=""#"" onclick=""surveyAction(\'yes\'); return false;"">take our survey</a> to provide insight on the features you would like included in Magento. <a href=""#"" onclick=""surveyAction(\'no\'); return false;"">Remove this notification</a>"
"Web Section","Web Section"
"Web services","Web services"
"Web Services","Web Services"
"website(%s) scope","website(%s) scope"
"Website","Website"
"[WEBSITE]","[WEBSITE]"
"We\'re in our typing table, coding away more features for Magento. Thank you for your patience.","We\'re in our typing table, coding away more features for Magento. Thank you for your patience."
"What is this?","What is this?"
"(When 'No', only mapped fields will be imported. When mapping, use 'column1', 'column2', etc.)","(Elegido 'No', solamente los campos mapeados serán importados. Eligiendo 'mapeado', usar 'columna1', 'columna2', etc.)"
"Wishlist item is not loaded.","Wishlist item is not loaded."
"Wishlist Report","Wishlist Report"
"Wrong account specified.","Wrong account specified."
"Wrong billing agreement ID specified.","Wrong billing agreement ID specified."
"Wrong column format.","Wrong column format."
"Wrong newsletter template.","Wrong newsletter template."
"Wrong quote item.","Wrong quote item."
"Wrong tab configuration.","Wrong tab configuration."
"Wrong tag was specified.","Wrong tag was specified."
"Wrong transaction ID specified.","Wrong transaction ID specified."
"XML data is invalid.","XML data is invalid."
"XML object is not instance of ""Varien_Simplexml_Element"".","XML object is not instance of ""Varien_Simplexml_Element""."
"XML","XML"
"Year","Year"
"Yes (301 Moved Permanently)","Yes (301 Moved Permanently)"
"Yes (302 Found)","Yes (302 Found)"
"Yes (only price with tax)","Yes (only price with tax)"
"Yes","Yes"
"You cannot delete your own account.","You cannot delete your own account."
"You have logged out.","You have logged out."
"You have not enough permissions to use this functionality.","You have not enough permissions to use this functionality."
"You have %s, %s and %s unread messages. <a href=""%s"">Go to messages inbox</a>.","You have %s, %s and %s unread messages. <a href=""%s"">Go to messages inbox</a>."
"You have %s unread message(s). <a href=""%s"">Go to messages inbox</a>.","You have %s unread message(s). <a href=""%s"">Go to messages inbox</a>."
"You have %s unread message(s).","You have %s unread message(s)."
"(You have to increase php memory_limit before changing this value)","(You have to increase php memory_limit before changing this value)"
"You must have JavaScript enabled in your browser to utilize the functionality of this website.","You must have JavaScript enabled in your browser to utilize the functionality of this website."
"You need to specify order items.","You need to specify order items."
"Your answers contain duplicates.","Your answers contain duplicates."
"Your password has been updated.","Your password has been updated."
"Your password reset link has expired.","Your password reset link has expired."
"Your server PHP settings allow you to upload files not more than %s at a time. Please modify post_max_size (currently is %s) and upload_max_filesize (currently is %s) values in php.ini if you want to upload larger files.","Your server PHP settings allow you to upload files not more than %s at a time. Please modify post_max_size (currently is %s) and upload_max_filesize (currently is %s) values in php.ini if you want to upload larger files."
"Your web server is configured incorrectly. As a result, configuration files with sensitive information are accessible from the outside. Please contact your hosting provider.","Your web server is configured incorrectly. As a result, configuration files with sensitive information are accessible from the outside. Please contact your hosting provider."
"You will need to wait when the action ends.","You will need to wait when the action ends."
"YTD","YTD"
"Zip/Postal Code:","Zip/Postal Code:"
"Zip/Postal Code","Zip/Postal Code"